{
  "project_info": {
    "project_number": "1054904417845",
    "firebase_url": "https://final-test-c9ec6-default-rtdb.firebaseio.com",
    "project_id": "final-test-c9ec6",
    "storage_bucket": "final-test-c9ec6.appspot.com"
  },
  "client": [
    {
      "client_info": {
        "mobilesdk_app_id": "1:1054904417845:android:4de53ab2a485bf3dffbb7c",
        "android_client_info": {
          "package_name": "com.example.final_test"
        }
      },
      "oauth_client": [
        {
          "client_id": "1054904417845-qnioofl38jbnrfbna02j4gbqu10glq6a.apps.googleusercontent.com",
          "client_type": 3
        }
      ],
      "api_key": [
        {
          "current_key": "AIzaSyBrpe8GWNw0tzNxzC5Xne99SVGRSTwDLcU"
        }
      ],
      "services": {
        "appinvite_service": {
          "other_platform_oauth_client": [
            {
              "client_id": "1054904417845-qnioofl38jbnrfbna02j4gbqu10glq6a.apps.googleusercontent.com",
              "client_type": 3
            }
          ]
        }
      }
    },
    {
      "client_info": {
        "mobilesdk_app_id": "1:1054904417845:android:da20e1a6407881bcffbb7c",
        "android_client_info": {
          "package_name": "com.example.myapplication"
        }
      },
      "oauth_client": [
        {
          "client_id": "1054904417845-qnioofl38jbnrfbna02j4gbqu10glq6a.apps.googleusercontent.com",
          "client_type": 3
        }
      ],
      "api_key": [
        {
          "current_key": "AIzaSyBrpe8GWNw0tzNxzC5Xne99SVGRSTwDLcU"
        }
      ],
      "services": {
        "appinvite_service": {
          "other_platform_oauth_client": [
            {
              "client_id": "1054904417845-qnioofl38jbnrfbna02j4gbqu10glq6a.apps.googleusercontent.com",
              "client_type": 3
            }
          ]
        }
      }
    }
  ],
  "configuration_version": "1"
}